{"loss": [0.805118928937351, 0.47976547567283406, 0.38046031971188154, 0.2945660804124439, 0.2700289834071608, 0.2343396120430792, 0.2115124012617504, 0.21554967585731954, 0.18256751919055686, 0.15754529614658916, 0.13578594306155162, 0.1287343830198926, 0.11357678708565586, 0.11517399393350762, 0.10961250002112459, 0.0963617834084503, 0.09538596211110845, 0.08148102577337447, 0.058626772698891515, 0.0729668278740171, 0.0955229974077905, 0.0730382861186038, 0.049718284513801336, 0.05948885978089974, 0.06722703729482259, 0.05410182896508452], "train_acc": [59.61361545538178, 81.69273229070838, 86.75252989880404, 88.86844526218951, 89.2364305427783, 91.44434222631095, 91.81232750689972, 91.07635694572217, 92.3643054277829, 94.11223551057958, 95.2161913523459, 95.03219871205152, 95.58417663293469, 95.4001839926403, 95.95216191352345, 95.86016559337627, 95.76816927322908, 97.24011039558418, 97.97608095676173, 97.33210671573137, 96.96412143514259, 97.24011039558418, 97.79208831646734, 98.06807727690892, 97.42410303587856, 98.5280588776449], "test_acc": [72.96296296296296, 79.25925925925925, 86.29629629629629, 87.77777777777777, 88.88888888888889, 89.25925925925925, 92.5925925925926, 91.11111111111111, 92.96296296296296, 94.07407407407408, 93.33333333333333, 91.48148148148148, 92.96296296296296, 93.70370370370371, 93.70370370370371, 92.96296296296296, 95.18518518518519, 94.07407407407408, 94.07407407407408, 93.70370370370371, 94.81481481481481, 95.18518518518519, 93.70370370370371, 95.55555555555556, 93.70370370370371, 95.18518518518519], "time": [23.38266897201538, 24.719595193862915, 18.76313281059265, 25.744107961654663, 22.17693257331848, 28.185538053512573, 21.94692087173462, 27.40904688835144, 28.06496262550354, 21.508780002593994, 26.849594354629517, 27.283092975616455, 27.20422101020813, 26.91137170791626, 27.54332709312439, 21.852479696273804, 21.492803812026978, 27.904789209365845, 28.780609369277954, 27.1624698638916, 27.806689500808716, 22.175527572631836, 22.514711141586304, 21.83286952972412, 22.046793460845947, 21.740227699279785], "name": "AlexNet"}